<?xml version="1.0" encoding="utf-8" ?>
<dwsync>
<file name="blank.gif" server="contenidos.ingenia.es//fpo/entregas/portales/" local="129095039960000000" remote="129661034400000000" />
<file name="fancybox-x.png" server="contenidos.ingenia.es//fpo/entregas/portales/" local="129122592900000000" remote="129661034400000000" />
<file name="fancybox-y.png" server="contenidos.ingenia.es//fpo/entregas/portales/" local="129122589480000000" remote="129661034400000000" />
<file name="fancybox.png" server="contenidos.ingenia.es//fpo/entregas/portales/" local="129122249700000000" remote="129661034400000000" />
<file name="fancy_close.png" server="contenidos.ingenia.es//fpo/entregas/portales/" local="129095872340000000" remote="129661035000000000" />
<file name="fancy_loading.png" server="contenidos.ingenia.es//fpo/entregas/portales/" local="129081392500000000" remote="129661035000000000" />
<file name="fancy_nav_left.png" server="contenidos.ingenia.es//fpo/entregas/portales/" local="129095872340000000" remote="129661035000000000" />
<file name="fancy_nav_right.png" server="contenidos.ingenia.es//fpo/entregas/portales/" local="129095872340000000" remote="129661035000000000" />
<file name="fancy_shadow_e.png" server="contenidos.ingenia.es//fpo/entregas/portales/" local="129095872340000000" remote="129661035000000000" />
<file name="fancy_shadow_n.png" server="contenidos.ingenia.es//fpo/entregas/portales/" local="129095872340000000" remote="129661035000000000" />
<file name="fancy_shadow_ne.png" server="contenidos.ingenia.es//fpo/entregas/portales/" local="129095872340000000" remote="129661035000000000" />
<file name="fancy_shadow_nw.png" server="contenidos.ingenia.es//fpo/entregas/portales/" local="129095872340000000" remote="129661035000000000" />
<file name="fancy_shadow_s.png" server="contenidos.ingenia.es//fpo/entregas/portales/" local="129095872340000000" remote="129661035000000000" />
<file name="fancy_shadow_se.png" server="contenidos.ingenia.es//fpo/entregas/portales/" local="129095872340000000" remote="129661035000000000" />
<file name="fancy_shadow_sw.png" server="contenidos.ingenia.es//fpo/entregas/portales/" local="129095872340000000" remote="129661035000000000" />
<file name="fancy_shadow_w.png" server="contenidos.ingenia.es//fpo/entregas/portales/" local="129095872340000000" remote="129661035000000000" />
<file name="fancy_title_left.png" server="contenidos.ingenia.es//fpo/entregas/portales/" local="129095872340000000" remote="129661035000000000" />
<file name="fancy_title_main.png" server="contenidos.ingenia.es//fpo/entregas/portales/" local="129095872340000000" remote="129661035000000000" />
<file name="fancy_title_over.png" server="contenidos.ingenia.es//fpo/entregas/portales/" local="129095872340000000" remote="129661035000000000" />
<file name="fancy_title_right.png" server="contenidos.ingenia.es//fpo/entregas/portales/" local="129095872340000000" remote="129661035000000000" />
<file name="jquery.easing-1.3.pack.js" server="contenidos.ingenia.es//fpo/entregas/portales/" local="129096236000000000" remote="129661035000000000" />
<file name="jquery.fancybox-1.3.4.css" server="contenidos.ingenia.es//fpo/entregas/portales/" local="129339887200000000" remote="129661035000000000" />
<file name="jquery.fancybox-1.3.4.js" server="contenidos.ingenia.es//fpo/entregas/portales/" local="129339883140000000" remote="129661035000000000" />
<file name="jquery.fancybox-1.3.4.pack.js" server="contenidos.ingenia.es//fpo/entregas/portales/" local="129339888580000000" remote="129661035000000000" />
<file name="jquery.mousewheel-3.0.4.pack.js" server="contenidos.ingenia.es//fpo/entregas/portales/" local="129310199240000000" remote="129661035000000000" />
</dwsync>