﻿<?xml version="1.0" encoding="utf-8"?>

<unidad  titulo="FEPCMAC | EDUCACIÓN FINANCIERA | UNIDAD 2: SEGMENTO MAYORES">

	<configuracion>
		<curso>FEPCMAC | EDUCACIÓN FINANCIERA</curso>
		<ud>UNIDAD 2: SEGMENTO MAYORES</ud>
		<!--<portada activada="no" src="portada"  />-->
	</configuracion>

	<contenido ruta="contenidos/modulo01">
		<pagina tipo="pag" titulo="" src="01"/>
		<pagina tipo="pag" titulo="" src="02"/>
		<pagina tipo="pag" titulo="" src="03"/>
		<pagina tipo="pag" titulo="" src="04"/>
		<pagina tipo="pag" titulo="" src="05"/>
		<pagina tipo="pag" titulo="" src="06"/>
		<pagina tipo="pag" titulo="" src="07"/>
		<pagina tipo="pag" titulo="" src="08"/>
		<pagina tipo="pag" titulo="" src="09"/>
		<pagina tipo="pag" titulo="" src="10"/>
		<pagina tipo="pag" titulo="" src="11"/>
		<pagina tipo="pag" titulo="" src="12"/>
		<pagina tipo="pag" titulo="" src="13"/>
		<pagina tipo="pag" titulo="" src="14"/>
		<pagina tipo="pag" titulo="" src="15"/>
		<pagina tipo="pag" titulo="" src="16"/>
		<pagina tipo="pag" titulo="" src="17"/>
		<pagina tipo="pag" titulo="" src="18"/>
		<pagina tipo="pag" titulo="" src="19"/>
		<pagina tipo="pag" titulo="" src="20"/>
		<pagina tipo="pag" titulo="" src="21"/>
		<pagina tipo="pag" titulo="" src="final"/>
	</contenido>

</unidad>